<?xml version="1.0" encoding="UTF-8"?>
<beans xmlns="http://www.springframework.org/schema/beans"
       xmlns:context="http://www.springframework.org/schema/context"
       xmlns:aop="http://www.springframework.org/schema/aop"
       xmlns:p="http://www.springframework.org/schema/p"
       xmlns:tx="http://www.springframework.org/schema/tx"
       xmlns:mvc="http://www.springframework.org/schema/mvc"
       xmlns:security="http://www.springframework.org/schema/security"
       xmlns:util="http://www.springframework.org/schema/util"
       xmlns:xsi="http://www.w3.org/2001/XMLSchema-instance"
       xsi:schemaLocation="http://www.springframework.org/schema/beans
          	 	http://www.springframework.org/schema/beans/spring-beans-3.2.xsd
          	 	http://www.springframework.org/schema/context
          	 	http://www.springframework.org/schema/context/spring-context-3.2.xsd
           		http://www.springframework.org/schema/aop
          	 	http://www.springframework.org/schema/aop/spring-aop-3.2.xsd
          	 	http://www.springframework.org/schema/tx
          	 	http://www.springframework.org/schema/tx/spring-tx-3.2.xsd
          	 	http://www.springframework.org/schema/mvc
          	 	http://www.springframework.org/schema/mvc/spring-mvc-3.2.xsd
          	 	http://www.springframework.org/schema/util
          	 	http://www.springframework.org/schema/util/spring-util-3.2.xsd">


    <!--
        使用C3P0的数据库连接池 DataSource
        Host: 127.0.0.1:3306
        DataBase: dbmailreplier
        User: root
        Password: root
-->
    <bean id="dataSource" class=" com.mchange.v2.c3p0.ComboPooledDataSource">
        <property name="checkoutTimeout" value="90000"/>
        <property name="idleConnectionTestPeriod" value="30"/>
        <property name="driverClass" value="com.mysql.jdbc.Driver" />
        <property name="jdbcUrl" value="jdbc:mysql://127.0.0.1:3306/dbwmordertag?characterEncoding=UTF-8" />
        <property name="user" value="root" />
        <property name="password" value="root" />
        <property name="acquireIncrement" value="50" /><!-- 如果池中数据连接不够时一次增长多少个 -->
        <property name="initialPoolSize" value="30" />
        <property name="minPoolSize" value="5" />
        <property name="maxPoolSize" value="200" />
        <property name="maxStatements" value="400" />
        <property name="maxStatementsPerConnection" value="5" /> <!-- he's important, but there's only one of him -->
    </bean>

    <!--数据库通用操作-->
    <!--数据库操作主要包括两类: 查询带有返回值，以select语句为代表;查询不带返回值，以update、delete、insert为代表-->
    <bean id="dbCommonOperation" class="cn.edu.ustc.dehaizh.util.DBCommonOperation">
        <property name="dataSource" ref="dataSource"/>
    </bean>

    <!--MailDao-->
    <bean id="mailDao" class="cn.edu.ustc.dehaizh.dao.MailDao">
        <property name="dataSource" ref="dataSource" />
    </bean>

    <bean id="userAuthenticatedDao" class="cn.edu.ustc.dehaizh.dao.UserAuthenticatedDao">
        <property name="dataSource" ref="dataSource" />
    </bean>

    <!--事务管理器 DataSourceTransactionManager-->
    <bean id="transactionManager" class=" org.springframework.jdbc.datasource.DataSourceTransactionManager">
        <property name="dataSource" ref="dataSource"/>
    </bean>

    <!--注解驱动事务-->
    <tx:annotation-driven transaction-manager="transactionManager"/>

    <!--将util包下DBCommonOperation数据库操作公共类作为Spring Bean，并添加到ApplicationContext中-->
    <context:component-scan base-package="cn.edu.ustc.dehaizh.util"/>
    <context:component-scan base-package="cn.edu.ustc.dehaizh.dao"/>
</beans>
