<?xml version="1.0" encoding="UTF-8"?>
<beans xmlns="http://www.springframework.org/schema/beans"
       xmlns:context="http://www.springframework.org/schema/context"
       xmlns:aop="http://www.springframework.org/schema/aop"
       xmlns:p="http://www.springframework.org/schema/p"
       xmlns:tx="http://www.springframework.org/schema/tx"
       xmlns:mvc="http://www.springframework.org/schema/mvc"
       xmlns:security="http://www.springframework.org/schema/security"
       xmlns:util="http://www.springframework.org/schema/util"
       xmlns:xsi="http://www.w3.org/2001/XMLSchema-instance"
       xsi:schemaLocation="http://www.springframework.org/schema/beans
          	 	http://www.springframework.org/schema/beans/spring-beans-3.2.xsd
          	 	http://www.springframework.org/schema/context
          	 	http://www.springframework.org/schema/context/spring-context-3.2.xsd
           		http://www.springframework.org/schema/aop
          	 	http://www.springframework.org/schema/aop/spring-aop-3.2.xsd
          	 	http://www.springframework.org/schema/tx
          	 	http://www.springframework.org/schema/tx/spring-tx-3.2.xsd
          	 	http://www.springframework.org/schema/mvc
          	 	http://www.springframework.org/schema/mvc/spring-mvc-3.2.xsd
          	 	http://www.springframework.org/schema/util
          	 	http://www.springframework.org/schema/util/spring-util-3.2.xsd">


    <!-- PropertyPlaceholderConfigurer 来加载配置文件-->
    <bean id="propertyConfigurer"  class="org.springframework.beans.factory.config.PropertyPlaceholderConfigurer">
        <property name="locations">
            <list>
                <value>classpath:mail.properties</value>
            </list>
        </property>
    </bean>

    <!-- javamail.JavaMailSenderImpl -->
    <bean id="mailSender" class="org.springframework.mail.javamail.JavaMailSenderImpl" >
        <property name="host" value="${mail.host}"/>
        <property name="username" value="${mail.username}"/>
        <property name="password" value="${mail.password}"/>
        <property name="defaultEncoding" value="UTF-8"></property>
        <property name="javaMailProperties">
            <props>
                <prop key="mail.smtp.port">${mail.port}</prop>
                <prop key="mail.smtp.auth">${mail.smtp.auth}</prop>
                <prop key="mail.smtp.timeout">${mail.smtp.timeout}</prop>
                <prop key="mail.smtp.starttls.enable">true</prop>
                <prop key="mail.smtp.socketFactory.class">javax.net.ssl.SSLSocketFactory</prop>
                <prop key="mail.smtp.socketFactory.fallback">false</prop>
            </props>
        </property>
    </bean>

    <!-- SimpleMailMessage -->
    <bean id="simpleMailMessage" class="org.springframework.mail.SimpleMailMessage" scope="prototype">
        <property name="from">
            <value>${mail.default.from}</value>
        </property>
    </bean>

    <!-- VelocityEngine -->
    <bean id="velocityEngine" class="org.springframework.ui.velocity.VelocityEngineFactoryBean">
        <property name="velocityProperties">
            <props>
                <prop key="resource.loader">class</prop>
                <prop key="class.resource.loader.class">
                    org.apache.velocity.runtime.resource.loader.ClasspathResourceLoader
                </prop>
                <prop key="velocimacro.library"></prop>
            </props>
        </property>
    </bean>

    <!-- MailSenderService -->
    <bean id="mailsenderService" class="cn.edu.ustc.dehaizh.service.MailSenderService">
        <property name="mailSender" ref="mailSender" />
        <property name="simpleMailMessage" ref="simpleMailMessage" />
        <property name="velocityEngine" ref="velocityEngine" />
    </bean>


</beans>
