<c3p0-config>
	<!-- 默认配置，如果没有指定则使用这个配置 -->
	<default-config>
		<property name="checkoutTimeout">90000</property>
		<property name="idleConnectionTestPeriod">30</property>
		<property name="initialPoolSize">10</property>
		<property name="maxIdleTime">30</property>
		<property name="maxPoolSize">100</property>
		<property name="minPoolSize">10</property>
		<property name="maxStatements">200</property>
		<user-overrides user="test-user">
			<property name="maxPoolSize">10</property>
			<property name="minPoolSize">1</property>
			<property name="maxStatements">0</property>
		</user-overrides>
	</default-config> 
	
	<!-- 命名的配置  mysql dbwmordertag -->
	<named-config name="dbwmordertag">
		<property name="driverClass">com.mysql.jdbc.Driver</property>
		<property name="jdbcUrl">
			<!--允许执行多条sql语句，allowMultiQueries=true-->
			<![CDATA[jdbc:mysql://127.0.0.1:3306/dbwmordertag?characterEncoding=UTF-8&allowMultiQueries=true]]>
		</property>
		
		<!-- 使用log4jdbc来配置 -->
<!-- 		<property name="driverClass">net.sf.log4jdbc.DriverSpy</property> -->
<!-- 		<property name="jdbcUrl"> -->
<!-- 			<![CDATA[jdbc:log4jdbc:mysql://127.0.0.1:3306/dbexpert?characterEncoding=UTF-8]]> -->
<!-- 		</property> -->
		
		<property name="user">root</property>
		<property name="password">root</property>
		<property name="acquireIncrement">30</property><!-- 如果池中数据连接不够时一次增长多少个 -->
		<property name="initialPoolSize">50</property>
		<property name="minPoolSize">30</property>
		<property name="maxPoolSize">200</property>
		<property name="maxStatements">0</property>
		<property name="maxStatementsPerConnection">5</property> <!-- he's important, but there's only one of him -->
	</named-config>
	
	<!-- 命名的配置  sqlserver wmglobal-->
	<named-config name="dbnewwmglobal">
		<property name="driverClass">com.microsoft.sqlserver.jdbc.SQLServerDriver</property>
		<property name="jdbcUrl">
		<!-- 注意jdbcUrl的不同之处，sqlserver在数据库名字之前需要加上DatabaseName -->
			<![CDATA[jdbc:sqlserver://127.0.0.1:1433;DatabaseName=dbnewwmglobal]]>
		</property>
		
		<!-- 使用log4jdbc来配置 -->
<!-- 		<property name="driverClass">net.sf.log4jdbc.DriverSpy</property> -->
<!-- 		<property name="jdbcUrl"> -->
<!-- 			<![CDATA[jdbc:log4jdbc:mysql://127.0.0.1:3306/dbexpert?characterEncoding=UTF-8]]> -->
<!-- 		</property> -->
		
		<property name="user">sa</property>
		<property name="password">Admin123</property>
		<property name="acquireIncrement">20</property><!-- 如果池中数据连接不够时一次增长多少个 -->
		<property name="initialPoolSize">50</property>
		<property name="minPoolSize">30</property>
		<property name="maxPoolSize">300</property>
		<property name="maxStatements">0</property>
		<property name="maxStatementsPerConnection">5</property> <!-- he's important, but there's only one of him -->
	</named-config>
</c3p0-config> 
